,seq_id,source,type,start,end,score,strand,phase,attributes,Dbxref,ID,Is_circular,Name,Note,Parent,collection-date,country,gbkey,gene,gene_biotype,genome,lat-lon,mol_type,partial,product,protein_id,start_range,transl_except,transl_table,gene_prefix
0,MZ781228.1,Genbank,region,1,15235,.,+,.,ID=MZ781228.1:1..15235;Dbxref=taxon:76257;Is_circular=true;Name=MT;collection-date=08-Sep-2019;country=Malaysia: Sungai Semawak Taman Negara Endau Rompin;gbkey=Src;genome=mitochondrion;lat-lon=5.61 N 100.46 E;mol_type=genomic DNA,taxon:76257,MZ781228.1:1..15235,true,MT,,,08-Sep-2019,Malaysia: Sungai Semawak Taman Negara Endau Rompin,Src,,,mitochondrion,5.61 N 100.46 E,genomic DNA,,,,,,,Src
1,MZ781228.1,Genbank,gene,1,67,.,+,.,ID=gene-trnM(cat);Name=trnM(cat);gbkey=Gene;gene=trnM(cat);gene_biotype=tRNA,,gene-trnM(cat),,trnM(cat),,,,,Gene,trnM(cat),tRNA,,,,,,,,,,trn
2,MZ781228.1,Genbank,tRNA,1,67,.,+,.,ID=rna-trnM(cat);Parent=gene-trnM(cat);gbkey=tRNA;gene=trnM(cat);product=tRNA-Met,,rna-trnM(cat),,,,gene-trnM(cat),,,tRNA,trnM(cat),,,,,,tRNA-Met,,,,,trn
3,MZ781228.1,Genbank,exon,1,67,.,+,.,ID=exon-trnM(cat)-1;Parent=rna-trnM(cat);gbkey=tRNA;gene=trnM(cat);product=tRNA-Met,,exon-trnM(cat)-1,,,,rna-trnM(cat),,,tRNA,trnM(cat),,,,,,tRNA-Met,,,,,trn
4,MZ781228.1,Genbank,gene,67,130,.,+,.,ID=gene-trnI(gat);Name=trnI(gat);gbkey=Gene;gene=trnI(gat);gene_biotype=tRNA,,gene-trnI(gat),,trnI(gat),,,,,Gene,trnI(gat),tRNA,,,,,,,,,,trn
5,MZ781228.1,Genbank,tRNA,67,130,.,+,.,ID=rna-trnI(gat);Parent=gene-trnI(gat);gbkey=tRNA;gene=trnI(gat);product=tRNA-Ile,,rna-trnI(gat),,,,gene-trnI(gat),,,tRNA,trnI(gat),,,,,,tRNA-Ile,,,,,trn
6,MZ781228.1,Genbank,exon,67,130,.,+,.,ID=exon-trnI(gat)-1;Parent=rna-trnI(gat);gbkey=tRNA;gene=trnI(gat);product=tRNA-Ile,,exon-trnI(gat)-1,,,,rna-trnI(gat),,,tRNA,trnI(gat),,,,,,tRNA-Ile,,,,,trn
7,MZ781228.1,Genbank,gene,128,196,.,-,.,ID=gene-trnQ(ttg);Name=trnQ(ttg);gbkey=Gene;gene=trnQ(ttg);gene_biotype=tRNA,,gene-trnQ(ttg),,trnQ(ttg),,,,,Gene,trnQ(ttg),tRNA,,,,,,,,,,trn
8,MZ781228.1,Genbank,tRNA,128,196,.,-,.,ID=rna-trnQ(ttg);Parent=gene-trnQ(ttg);gbkey=tRNA;gene=trnQ(ttg);product=tRNA-Gln,,rna-trnQ(ttg),,,,gene-trnQ(ttg),,,tRNA,trnQ(ttg),,,,,,tRNA-Gln,,,,,trn
9,MZ781228.1,Genbank,exon,128,196,.,-,.,ID=exon-trnQ(ttg)-1;Parent=rna-trnQ(ttg);gbkey=tRNA;gene=trnQ(ttg);product=tRNA-Gln,,exon-trnQ(ttg)-1,,,,rna-trnQ(ttg),,,tRNA,trnQ(ttg),,,,,,tRNA-Gln,,,,,trn
10,MZ781228.1,Genbank,gene,231,1244,.,+,.,ID=gene-nad2;Name=nad2;gbkey=Gene;gene=nad2;gene_biotype=protein_coding,,gene-nad2,,nad2,,,,,Gene,nad2,protein_coding,,,,,,,,,,nad
11,MZ781228.1,Genbank,CDS,231,1244,.,+,0,ID=cds-UER94209.1;Parent=gene-nad2;Dbxref=NCBI_GP:UER94209.1;Name=UER94209.1;gbkey=CDS;gene=nad2;product=NADH dehydrogenase subunit 2;protein_id=UER94209.1;transl_table=5,NCBI_GP:UER94209.1,cds-UER94209.1,,UER94209.1,,gene-nad2,,,CDS,nad2,,,,,,NADH dehydrogenase subunit 2,UER94209.1,,,5,nad
12,MZ781228.1,Genbank,gene,1243,1307,.,+,.,ID=gene-trnW(tca);Name=trnW(tca);gbkey=Gene;gene=trnW(tca);gene_biotype=tRNA,,gene-trnW(tca),,trnW(tca),,,,,Gene,trnW(tca),tRNA,,,,,,,,,,trn
13,MZ781228.1,Genbank,tRNA,1243,1307,.,+,.,ID=rna-trnW(tca);Parent=gene-trnW(tca);gbkey=tRNA;gene=trnW(tca);product=tRNA-Trp,,rna-trnW(tca),,,,gene-trnW(tca),,,tRNA,trnW(tca),,,,,,tRNA-Trp,,,,,trn
14,MZ781228.1,Genbank,exon,1243,1307,.,+,.,ID=exon-trnW(tca)-1;Parent=rna-trnW(tca);gbkey=tRNA;gene=trnW(tca);product=tRNA-Trp,,exon-trnW(tca)-1,,,,rna-trnW(tca),,,tRNA,trnW(tca),,,,,,tRNA-Trp,,,,,trn
15,MZ781228.1,Genbank,gene,1300,1365,.,-,.,ID=gene-trnC(gca);Name=trnC(gca);gbkey=Gene;gene=trnC(gca);gene_biotype=tRNA,,gene-trnC(gca),,trnC(gca),,,,,Gene,trnC(gca),tRNA,,,,,,,,,,trn
16,MZ781228.1,Genbank,tRNA,1300,1365,.,-,.,ID=rna-trnC(gca);Parent=gene-trnC(gca);gbkey=tRNA;gene=trnC(gca);product=tRNA-Cys,,rna-trnC(gca),,,,gene-trnC(gca),,,tRNA,trnC(gca),,,,,,tRNA-Cys,,,,,trn
17,MZ781228.1,Genbank,exon,1300,1365,.,-,.,ID=exon-trnC(gca)-1;Parent=rna-trnC(gca);gbkey=tRNA;gene=trnC(gca);product=tRNA-Cys,,exon-trnC(gca)-1,,,,rna-trnC(gca),,,tRNA,trnC(gca),,,,,,tRNA-Cys,,,,,trn
18,MZ781228.1,Genbank,gene,1368,1434,.,-,.,ID=gene-trnY(gta);Name=trnY(gta);gbkey=Gene;gene=trnY(gta);gene_biotype=tRNA,,gene-trnY(gta),,trnY(gta),,,,,Gene,trnY(gta),tRNA,,,,,,,,,,trn
19,MZ781228.1,Genbank,tRNA,1368,1434,.,-,.,ID=rna-trnY(gta);Parent=gene-trnY(gta);gbkey=tRNA;gene=trnY(gta);product=tRNA-Tyr,,rna-trnY(gta),,,,gene-trnY(gta),,,tRNA,trnY(gta),,,,,,tRNA-Tyr,,,,,trn
20,MZ781228.1,Genbank,exon,1368,1434,.,-,.,ID=exon-trnY(gta)-1;Parent=rna-trnY(gta);gbkey=tRNA;gene=trnY(gta);product=tRNA-Tyr,,exon-trnY(gta)-1,,,,rna-trnY(gta),,,tRNA,trnY(gta),,,,,,tRNA-Tyr,,,,,trn
21,MZ781228.1,Genbank,gene,1437,2967,.,+,.,"ID=gene-cox1;Name=cox1;gbkey=Gene;gene=cox1;gene_biotype=protein_coding;partial=true;start_range=.,1437",,gene-cox1,,cox1,,,,,Gene,cox1,protein_coding,,,,true,,,".,1437",,,cox
22,MZ781228.1,Genbank,CDS,1437,2967,.,+,0,"ID=cds-UER94210.1;Parent=gene-cox1;Dbxref=NCBI_GP:UER94210.1;Name=UER94210.1;Note=TAA stop codon is completed by the addition of 3' A residues to the mRNA;gbkey=CDS;gene=cox1;partial=true;product=cytochrome c oxidase subunit 1;protein_id=UER94210.1;start_range=.,1437;transl_except=(pos:2967%2Caa:TERM);transl_table=5",NCBI_GP:UER94210.1,cds-UER94210.1,,UER94210.1,TAA stop codon is completed by the addition of 3' A residues to the mRNA,gene-cox1,,,CDS,cox1,,,,,true,cytochrome c oxidase subunit 1,UER94210.1,".,1437",(pos:2967%2Caa:TERM),5,cox
23,MZ781228.1,Genbank,gene,2968,3034,.,+,.,ID=gene-trnL2(taa);Name=trnL2(taa);gbkey=Gene;gene=trnL2(taa);gene_biotype=tRNA,,gene-trnL2(taa),,trnL2(taa),,,,,Gene,trnL2(taa),tRNA,,,,,,,,,,trn
24,MZ781228.1,Genbank,tRNA,2968,3034,.,+,.,ID=rna-trnL2(taa);Parent=gene-trnL2(taa);gbkey=tRNA;gene=trnL2(taa);product=tRNA-Leu,,rna-trnL2(taa),,,,gene-trnL2(taa),,,tRNA,trnL2(taa),,,,,,tRNA-Leu,,,,,trn
25,MZ781228.1,Genbank,exon,2968,3034,.,+,.,ID=exon-trnL2(taa)-1;Parent=rna-trnL2(taa);gbkey=tRNA;gene=trnL2(taa);product=tRNA-Leu,,exon-trnL2(taa)-1,,,,rna-trnL2(taa),,,tRNA,trnL2(taa),,,,,,tRNA-Leu,,,,,trn
26,MZ781228.1,Genbank,gene,3035,3716,.,+,.,ID=gene-cox2;Name=cox2;gbkey=Gene;gene=cox2;gene_biotype=protein_coding,,gene-cox2,,cox2,,,,,Gene,cox2,protein_coding,,,,,,,,,,cox
27,MZ781228.1,Genbank,CDS,3035,3716,.,+,0,ID=cds-UER94211.1;Parent=gene-cox2;Dbxref=NCBI_GP:UER94211.1;Name=UER94211.1;Note=TAA stop codon is completed by the addition of 3' A residues to the mRNA;gbkey=CDS;gene=cox2;product=cytochrome c oxidase subunit 2;protein_id=UER94211.1;transl_except=(pos:3716%2Caa:TERM);transl_table=5,NCBI_GP:UER94211.1,cds-UER94211.1,,UER94211.1,TAA stop codon is completed by the addition of 3' A residues to the mRNA,gene-cox2,,,CDS,cox2,,,,,,cytochrome c oxidase subunit 2,UER94211.1,,(pos:3716%2Caa:TERM),5,cox
28,MZ781228.1,Genbank,gene,3717,3787,.,+,.,ID=gene-trnK(ctt);Name=trnK(ctt);gbkey=Gene;gene=trnK(ctt);gene_biotype=tRNA,,gene-trnK(ctt),,trnK(ctt),,,,,Gene,trnK(ctt),tRNA,,,,,,,,,,trn
29,MZ781228.1,Genbank,tRNA,3717,3787,.,+,.,ID=rna-trnK(ctt);Parent=gene-trnK(ctt);gbkey=tRNA;gene=trnK(ctt);product=tRNA-Lys,,rna-trnK(ctt),,,,gene-trnK(ctt),,,tRNA,trnK(ctt),,,,,,tRNA-Lys,,,,,trn
30,MZ781228.1,Genbank,exon,3717,3787,.,+,.,ID=exon-trnK(ctt)-1;Parent=rna-trnK(ctt);gbkey=tRNA;gene=trnK(ctt);product=tRNA-Lys,,exon-trnK(ctt)-1,,,,rna-trnK(ctt),,,tRNA,trnK(ctt),,,,,,tRNA-Lys,,,,,trn
31,MZ781228.1,Genbank,gene,3787,3853,.,+,.,ID=gene-trnD(gtc);Name=trnD(gtc);gbkey=Gene;gene=trnD(gtc);gene_biotype=tRNA,,gene-trnD(gtc),,trnD(gtc),,,,,Gene,trnD(gtc),tRNA,,,,,,,,,,trn
32,MZ781228.1,Genbank,tRNA,3787,3853,.,+,.,ID=rna-trnD(gtc);Parent=gene-trnD(gtc);gbkey=tRNA;gene=trnD(gtc);product=tRNA-Asp,,rna-trnD(gtc),,,,gene-trnD(gtc),,,tRNA,trnD(gtc),,,,,,tRNA-Asp,,,,,trn
33,MZ781228.1,Genbank,exon,3787,3853,.,+,.,ID=exon-trnD(gtc)-1;Parent=rna-trnD(gtc);gbkey=tRNA;gene=trnD(gtc);product=tRNA-Asp,,exon-trnD(gtc)-1,,,,rna-trnD(gtc),,,tRNA,trnD(gtc),,,,,,tRNA-Asp,,,,,trn
34,MZ781228.1,Genbank,gene,3854,4021,.,+,.,ID=gene-atp8;Name=atp8;gbkey=Gene;gene=atp8;gene_biotype=protein_coding,,gene-atp8,,atp8,,,,,Gene,atp8,protein_coding,,,,,,,,,,atp
35,MZ781228.1,Genbank,CDS,3854,4021,.,+,0,ID=cds-UER94212.1;Parent=gene-atp8;Dbxref=NCBI_GP:UER94212.1;Name=UER94212.1;gbkey=CDS;gene=atp8;product=ATP synthase F0 subunit 8;protein_id=UER94212.1;transl_table=5,NCBI_GP:UER94212.1,cds-UER94212.1,,UER94212.1,,gene-atp8,,,CDS,atp8,,,,,,ATP synthase F0 subunit 8,UER94212.1,,,5,atp
36,MZ781228.1,Genbank,gene,4015,4692,.,+,.,ID=gene-atp6;Name=atp6;gbkey=Gene;gene=atp6;gene_biotype=protein_coding,,gene-atp6,,atp6,,,,,Gene,atp6,protein_coding,,,,,,,,,,atp
37,MZ781228.1,Genbank,CDS,4015,4692,.,+,0,ID=cds-UER94213.1;Parent=gene-atp6;Dbxref=NCBI_GP:UER94213.1;Name=UER94213.1;gbkey=CDS;gene=atp6;product=ATP synthase F0 subunit 6;protein_id=UER94213.1;transl_table=5,NCBI_GP:UER94213.1,cds-UER94213.1,,UER94213.1,,gene-atp6,,,CDS,atp6,,,,,,ATP synthase F0 subunit 6,UER94213.1,,,5,atp
38,MZ781228.1,Genbank,gene,4692,5477,.,+,.,ID=gene-cox3;Name=cox3;gbkey=Gene;gene=cox3;gene_biotype=protein_coding,,gene-cox3,,cox3,,,,,Gene,cox3,protein_coding,,,,,,,,,,cox
39,MZ781228.1,Genbank,CDS,4692,5477,.,+,0,ID=cds-UER94214.1;Parent=gene-cox3;Dbxref=NCBI_GP:UER94214.1;Name=UER94214.1;gbkey=CDS;gene=cox3;product=cytochrome c oxidase subunit 3;protein_id=UER94214.1;transl_table=5,NCBI_GP:UER94214.1,cds-UER94214.1,,UER94214.1,,gene-cox3,,,CDS,cox3,,,,,,cytochrome c oxidase subunit 3,UER94214.1,,,5,cox
40,MZ781228.1,Genbank,gene,5481,5546,.,+,.,ID=gene-trnG(tcc);Name=trnG(tcc);gbkey=Gene;gene=trnG(tcc);gene_biotype=tRNA,,gene-trnG(tcc),,trnG(tcc),,,,,Gene,trnG(tcc),tRNA,,,,,,,,,,trn
41,MZ781228.1,Genbank,tRNA,5481,5546,.,+,.,ID=rna-trnG(tcc);Parent=gene-trnG(tcc);gbkey=tRNA;gene=trnG(tcc);product=tRNA-Gly,,rna-trnG(tcc),,,,gene-trnG(tcc),,,tRNA,trnG(tcc),,,,,,tRNA-Gly,,,,,trn
42,MZ781228.1,Genbank,exon,5481,5546,.,+,.,ID=exon-trnG(tcc)-1;Parent=rna-trnG(tcc);gbkey=tRNA;gene=trnG(tcc);product=tRNA-Gly,,exon-trnG(tcc)-1,,,,rna-trnG(tcc),,,tRNA,trnG(tcc),,,,,,tRNA-Gly,,,,,trn
43,MZ781228.1,Genbank,gene,5547,5900,.,+,.,ID=gene-nad3;Name=nad3;gbkey=Gene;gene=nad3;gene_biotype=protein_coding,,gene-nad3,,nad3,,,,,Gene,nad3,protein_coding,,,,,,,,,,nad
44,MZ781228.1,Genbank,CDS,5547,5900,.,+,0,ID=cds-UER94215.1;Parent=gene-nad3;Dbxref=NCBI_GP:UER94215.1;Name=UER94215.1;gbkey=CDS;gene=nad3;product=NADH dehydrogenase subunit 3;protein_id=UER94215.1;transl_table=5,NCBI_GP:UER94215.1,cds-UER94215.1,,UER94215.1,,gene-nad3,,,CDS,nad3,,,,,,NADH dehydrogenase subunit 3,UER94215.1,,,5,nad
45,MZ781228.1,Genbank,gene,5899,5963,.,+,.,ID=gene-trnA(tgc);Name=trnA(tgc);gbkey=Gene;gene=trnA(tgc);gene_biotype=tRNA,,gene-trnA(tgc),,trnA(tgc),,,,,Gene,trnA(tgc),tRNA,,,,,,,,,,trn
46,MZ781228.1,Genbank,tRNA,5899,5963,.,+,.,ID=rna-trnA(tgc);Parent=gene-trnA(tgc);gbkey=tRNA;gene=trnA(tgc);product=tRNA-Ala,,rna-trnA(tgc),,,,gene-trnA(tgc),,,tRNA,trnA(tgc),,,,,,tRNA-Ala,,,,,trn
47,MZ781228.1,Genbank,exon,5899,5963,.,+,.,ID=exon-trnA(tgc)-1;Parent=rna-trnA(tgc);gbkey=tRNA;gene=trnA(tgc);product=tRNA-Ala,,exon-trnA(tgc)-1,,,,rna-trnA(tgc),,,tRNA,trnA(tgc),,,,,,tRNA-Ala,,,,,trn
48,MZ781228.1,Genbank,gene,5963,6024,.,+,.,ID=gene-trnR(tcg);Name=trnR(tcg);gbkey=Gene;gene=trnR(tcg);gene_biotype=tRNA,,gene-trnR(tcg),,trnR(tcg),,,,,Gene,trnR(tcg),tRNA,,,,,,,,,,trn
49,MZ781228.1,Genbank,tRNA,5963,6024,.,+,.,ID=rna-trnR(tcg);Parent=gene-trnR(tcg);gbkey=tRNA;gene=trnR(tcg);product=tRNA-Arg,,rna-trnR(tcg),,,,gene-trnR(tcg),,,tRNA,trnR(tcg),,,,,,tRNA-Arg,,,,,trn
50,MZ781228.1,Genbank,exon,5963,6024,.,+,.,ID=exon-trnR(tcg)-1;Parent=rna-trnR(tcg);gbkey=tRNA;gene=trnR(tcg);product=tRNA-Arg,,exon-trnR(tcg)-1,,,,rna-trnR(tcg),,,tRNA,trnR(tcg),,,,,,tRNA-Arg,,,,,trn
51,MZ781228.1,Genbank,gene,6025,6089,.,+,.,ID=gene-trnN(gtt);Name=trnN(gtt);gbkey=Gene;gene=trnN(gtt);gene_biotype=tRNA,,gene-trnN(gtt),,trnN(gtt),,,,,Gene,trnN(gtt),tRNA,,,,,,,,,,trn
52,MZ781228.1,Genbank,tRNA,6025,6089,.,+,.,ID=rna-trnN(gtt);Parent=gene-trnN(gtt);gbkey=tRNA;gene=trnN(gtt);product=tRNA-Asn,,rna-trnN(gtt),,,,gene-trnN(gtt),,,tRNA,trnN(gtt),,,,,,tRNA-Asn,,,,,trn
53,MZ781228.1,Genbank,exon,6025,6089,.,+,.,ID=exon-trnN(gtt)-1;Parent=rna-trnN(gtt);gbkey=tRNA;gene=trnN(gtt);product=tRNA-Asn,,exon-trnN(gtt)-1,,,,rna-trnN(gtt),,,tRNA,trnN(gtt),,,,,,tRNA-Asn,,,,,trn
54,MZ781228.1,Genbank,gene,6089,6148,.,+,.,ID=gene-trnS1(gct);Name=trnS1(gct);gbkey=Gene;gene=trnS1(gct);gene_biotype=tRNA,,gene-trnS1(gct),,trnS1(gct),,,,,Gene,trnS1(gct),tRNA,,,,,,,,,,trn
55,MZ781228.1,Genbank,tRNA,6089,6148,.,+,.,ID=rna-trnS1(gct);Parent=gene-trnS1(gct);gbkey=tRNA;gene=trnS1(gct);product=tRNA-Ser,,rna-trnS1(gct),,,,gene-trnS1(gct),,,tRNA,trnS1(gct),,,,,,tRNA-Ser,,,,,trn
56,MZ781228.1,Genbank,exon,6089,6148,.,+,.,ID=exon-trnS1(gct)-1;Parent=rna-trnS1(gct);gbkey=tRNA;gene=trnS1(gct);product=tRNA-Ser,,exon-trnS1(gct)-1,,,,rna-trnS1(gct),,,tRNA,trnS1(gct),,,,,,tRNA-Ser,,,,,trn
57,MZ781228.1,Genbank,D_loop,6148,6192,.,+,.,ID=id-MZ781228.1:6148..6192;Note=control region;gbkey=D-loop,,id-MZ781228.1:6148..6192,,,control region,,,,D-loop,,,,,,,,,,,,D-loop
58,MZ781228.1,Genbank,gene,6178,6246,.,+,.,ID=gene-trnE(ttc);Name=trnE(ttc);gbkey=Gene;gene=trnE(ttc);gene_biotype=tRNA,,gene-trnE(ttc),,trnE(ttc),,,,,Gene,trnE(ttc),tRNA,,,,,,,,,,trn
59,MZ781228.1,Genbank,tRNA,6178,6246,.,+,.,ID=rna-trnE(ttc);Parent=gene-trnE(ttc);gbkey=tRNA;gene=trnE(ttc);product=tRNA-Glu,,rna-trnE(ttc),,,,gene-trnE(ttc),,,tRNA,trnE(ttc),,,,,,tRNA-Glu,,,,,trn
60,MZ781228.1,Genbank,exon,6178,6246,.,+,.,ID=exon-trnE(ttc)-1;Parent=rna-trnE(ttc);gbkey=tRNA;gene=trnE(ttc);product=tRNA-Glu,,exon-trnE(ttc)-1,,,,rna-trnE(ttc),,,tRNA,trnE(ttc),,,,,,tRNA-Glu,,,,,trn
61,MZ781228.1,Genbank,gene,6265,6330,.,-,.,ID=gene-trnF(gaa);Name=trnF(gaa);gbkey=Gene;gene=trnF(gaa);gene_biotype=tRNA,,gene-trnF(gaa),,trnF(gaa),,,,,Gene,trnF(gaa),tRNA,,,,,,,,,,trn
62,MZ781228.1,Genbank,tRNA,6265,6330,.,-,.,ID=rna-trnF(gaa);Parent=gene-trnF(gaa);gbkey=tRNA;gene=trnF(gaa);product=tRNA-Phe,,rna-trnF(gaa),,,,gene-trnF(gaa),,,tRNA,trnF(gaa),,,,,,tRNA-Phe,,,,,trn
63,MZ781228.1,Genbank,exon,6265,6330,.,-,.,ID=exon-trnF(gaa)-1;Parent=rna-trnF(gaa);gbkey=tRNA;gene=trnF(gaa);product=tRNA-Phe,,exon-trnF(gaa)-1,,,,rna-trnF(gaa),,,tRNA,trnF(gaa),,,,,,tRNA-Phe,,,,,trn
64,MZ781228.1,Genbank,gene,6333,8048,.,-,.,ID=gene-nad5;Name=nad5;gbkey=Gene;gene=nad5;gene_biotype=protein_coding,,gene-nad5,,nad5,,,,,Gene,nad5,protein_coding,,,,,,,,,,nad
65,MZ781228.1,Genbank,CDS,6333,8048,.,-,0,ID=cds-UER94216.1;Parent=gene-nad5;Dbxref=NCBI_GP:UER94216.1;Name=UER94216.1;gbkey=CDS;gene=nad5;product=NADH dehydrogenase subunit 5;protein_id=UER94216.1;transl_table=5,NCBI_GP:UER94216.1,cds-UER94216.1,,UER94216.1,,gene-nad5,,,CDS,nad5,,,,,,NADH dehydrogenase subunit 5,UER94216.1,,,5,nad
66,MZ781228.1,Genbank,gene,8067,8133,.,-,.,ID=gene-trnH(gtg);Name=trnH(gtg);gbkey=Gene;gene=trnH(gtg);gene_biotype=tRNA,,gene-trnH(gtg),,trnH(gtg),,,,,Gene,trnH(gtg),tRNA,,,,,,,,,,trn
67,MZ781228.1,Genbank,tRNA,8067,8133,.,-,.,ID=rna-trnH(gtg);Parent=gene-trnH(gtg);gbkey=tRNA;gene=trnH(gtg);product=tRNA-His,,rna-trnH(gtg),,,,gene-trnH(gtg),,,tRNA,trnH(gtg),,,,,,tRNA-His,,,,,trn
68,MZ781228.1,Genbank,exon,8067,8133,.,-,.,ID=exon-trnH(gtg)-1;Parent=rna-trnH(gtg);gbkey=tRNA;gene=trnH(gtg);product=tRNA-His,,exon-trnH(gtg)-1,,,,rna-trnH(gtg),,,tRNA,trnH(gtg),,,,,,tRNA-His,,,,,trn
69,MZ781228.1,Genbank,gene,8134,9472,.,-,.,ID=gene-nad4;Name=nad4;gbkey=Gene;gene=nad4;gene_biotype=protein_coding,,gene-nad4,,nad4,,,,,Gene,nad4,protein_coding,,,,,,,,,,nad
70,MZ781228.1,Genbank,CDS,8134,9472,.,-,0,ID=cds-UER94217.1;Parent=gene-nad4;Dbxref=NCBI_GP:UER94217.1;Name=UER94217.1;Note=TAA stop codon is completed by the addition of 3' A residues to the mRNA;gbkey=CDS;gene=nad4;product=NADH dehydrogenase subunit 4;protein_id=UER94217.1;transl_except=(pos:complement(8134)%2Caa:TERM);transl_table=5,NCBI_GP:UER94217.1,cds-UER94217.1,,UER94217.1,TAA stop codon is completed by the addition of 3' A residues to the mRNA,gene-nad4,,,CDS,nad4,,,,,,NADH dehydrogenase subunit 4,UER94217.1,,(pos:complement(8134)%2Caa:TERM),5,nad
71,MZ781228.1,Genbank,gene,9474,9764,.,-,.,ID=gene-nad4l;Name=nad4l;gbkey=Gene;gene=nad4l;gene_biotype=protein_coding,,gene-nad4l,,nad4l,,,,,Gene,nad4l,protein_coding,,,,,,,,,,nad
72,MZ781228.1,Genbank,CDS,9474,9764,.,-,0,ID=cds-UER94218.1;Parent=gene-nad4l;Dbxref=NCBI_GP:UER94218.1;Name=UER94218.1;gbkey=CDS;gene=nad4l;product=NADH dehydrogenase subunit 4L;protein_id=UER94218.1;transl_table=5,NCBI_GP:UER94218.1,cds-UER94218.1,,UER94218.1,,gene-nad4l,,,CDS,nad4l,,,,,,NADH dehydrogenase subunit 4L,UER94218.1,,,5,nad
73,MZ781228.1,Genbank,gene,9767,9831,.,+,.,ID=gene-trnT(tgt);Name=trnT(tgt);gbkey=Gene;gene=trnT(tgt);gene_biotype=tRNA,,gene-trnT(tgt),,trnT(tgt),,,,,Gene,trnT(tgt),tRNA,,,,,,,,,,trn
74,MZ781228.1,Genbank,tRNA,9767,9831,.,+,.,ID=rna-trnT(tgt);Parent=gene-trnT(tgt);gbkey=tRNA;gene=trnT(tgt);product=tRNA-Thr,,rna-trnT(tgt),,,,gene-trnT(tgt),,,tRNA,trnT(tgt),,,,,,tRNA-Thr,,,,,trn
75,MZ781228.1,Genbank,exon,9767,9831,.,+,.,ID=exon-trnT(tgt)-1;Parent=rna-trnT(tgt);gbkey=tRNA;gene=trnT(tgt);product=tRNA-Thr,,exon-trnT(tgt)-1,,,,rna-trnT(tgt),,,tRNA,trnT(tgt),,,,,,tRNA-Thr,,,,,trn
76,MZ781228.1,Genbank,gene,9832,9896,.,-,.,ID=gene-trnP(tgg);Name=trnP(tgg);gbkey=Gene;gene=trnP(tgg);gene_biotype=tRNA,,gene-trnP(tgg),,trnP(tgg),,,,,Gene,trnP(tgg),tRNA,,,,,,,,,,trn
77,MZ781228.1,Genbank,tRNA,9832,9896,.,-,.,ID=rna-trnP(tgg);Parent=gene-trnP(tgg);gbkey=tRNA;gene=trnP(tgg);product=tRNA-Pro,,rna-trnP(tgg),,,,gene-trnP(tgg),,,tRNA,trnP(tgg),,,,,,tRNA-Pro,,,,,trn
78,MZ781228.1,Genbank,exon,9832,9896,.,-,.,ID=exon-trnP(tgg)-1;Parent=rna-trnP(tgg);gbkey=tRNA;gene=trnP(tgg);product=tRNA-Pro,,exon-trnP(tgg)-1,,,,rna-trnP(tgg),,,tRNA,trnP(tgg),,,,,,tRNA-Pro,,,,,trn
79,MZ781228.1,Genbank,gene,9899,10432,.,+,.,ID=gene-nad6;Name=nad6;gbkey=Gene;gene=nad6;gene_biotype=protein_coding,,gene-nad6,,nad6,,,,,Gene,nad6,protein_coding,,,,,,,,,,nad
80,MZ781228.1,Genbank,CDS,9899,10432,.,+,0,ID=cds-UER94219.1;Parent=gene-nad6;Dbxref=NCBI_GP:UER94219.1;Name=UER94219.1;gbkey=CDS;gene=nad6;product=NADH dehydrogenase subunit 6;protein_id=UER94219.1;transl_table=5,NCBI_GP:UER94219.1,cds-UER94219.1,,UER94219.1,,gene-nad6,,,CDS,nad6,,,,,,NADH dehydrogenase subunit 6,UER94219.1,,,5,nad
81,MZ781228.1,Genbank,gene,10432,11580,.,+,.,ID=gene-cob;Name=cob;gbkey=Gene;gene=cob;gene_biotype=protein_coding,,gene-cob,,cob,,,,,Gene,cob,protein_coding,,,,,,,,,,cob
82,MZ781228.1,Genbank,CDS,10432,11580,.,+,0,ID=cds-UER94220.1;Parent=gene-cob;Dbxref=NCBI_GP:UER94220.1;Name=UER94220.1;gbkey=CDS;gene=cob;product=cytochrome b;protein_id=UER94220.1;transl_table=5,NCBI_GP:UER94220.1,cds-UER94220.1,,UER94220.1,,gene-cob,,,CDS,cob,,,,,,cytochrome b,UER94220.1,,,5,cob
83,MZ781228.1,Genbank,gene,11593,11657,.,+,.,ID=gene-trnS2(tga);Name=trnS2(tga);gbkey=Gene;gene=trnS2(tga);gene_biotype=tRNA,,gene-trnS2(tga),,trnS2(tga),,,,,Gene,trnS2(tga),tRNA,,,,,,,,,,trn
84,MZ781228.1,Genbank,tRNA,11593,11657,.,+,.,ID=rna-trnS2(tga);Parent=gene-trnS2(tga);gbkey=tRNA;gene=trnS2(tga);product=tRNA-Ser,,rna-trnS2(tga),,,,gene-trnS2(tga),,,tRNA,trnS2(tga),,,,,,tRNA-Ser,,,,,trn
85,MZ781228.1,Genbank,exon,11593,11657,.,+,.,ID=exon-trnS2(tga)-1;Parent=rna-trnS2(tga);gbkey=tRNA;gene=trnS2(tga);product=tRNA-Ser,,exon-trnS2(tga)-1,,,,rna-trnS2(tga),,,tRNA,trnS2(tga),,,,,,tRNA-Ser,,,,,trn
86,MZ781228.1,Genbank,gene,11674,12612,.,-,.,ID=gene-nad1;Name=nad1;gbkey=Gene;gene=nad1;gene_biotype=protein_coding,,gene-nad1,,nad1,,,,,Gene,nad1,protein_coding,,,,,,,,,,nad
87,MZ781228.1,Genbank,CDS,11674,12612,.,-,0,ID=cds-UER94221.1;Parent=gene-nad1;Dbxref=NCBI_GP:UER94221.1;Name=UER94221.1;gbkey=CDS;gene=nad1;product=NADH dehydrogenase subunit 1;protein_id=UER94221.1;transl_table=5,NCBI_GP:UER94221.1,cds-UER94221.1,,UER94221.1,,gene-nad1,,,CDS,nad1,,,,,,NADH dehydrogenase subunit 1,UER94221.1,,,5,nad
88,MZ781228.1,Genbank,gene,12613,12683,.,-,.,ID=gene-trnL1(tag);Name=trnL1(tag);gbkey=Gene;gene=trnL1(tag);gene_biotype=tRNA,,gene-trnL1(tag),,trnL1(tag),,,,,Gene,trnL1(tag),tRNA,,,,,,,,,,trn
89,MZ781228.1,Genbank,tRNA,12613,12683,.,-,.,ID=rna-trnL1(tag);Parent=gene-trnL1(tag);gbkey=tRNA;gene=trnL1(tag);product=tRNA-Leu,,rna-trnL1(tag),,,,gene-trnL1(tag),,,tRNA,trnL1(tag),,,,,,tRNA-Leu,,,,,trn
90,MZ781228.1,Genbank,exon,12613,12683,.,-,.,ID=exon-trnL1(tag)-1;Parent=rna-trnL1(tag);gbkey=tRNA;gene=trnL1(tag);product=tRNA-Leu,,exon-trnL1(tag)-1,,,,rna-trnL1(tag),,,tRNA,trnL1(tag),,,,,,tRNA-Leu,,,,,trn
91,MZ781228.1,Genbank,gene,12684,13963,.,-,.,ID=gene-rrn16;Name=rrn16;gbkey=Gene;gene=rrn16;gene_biotype=rRNA,,gene-rrn16,,rrn16,,,,,Gene,rrn16,rRNA,,,,,,,,,,rrn
92,MZ781228.1,Genbank,rRNA,12684,13963,.,-,.,ID=rna-rrn16;Parent=gene-rrn16;gbkey=rRNA;gene=rrn16;product=16S ribosomal RNA,,rna-rrn16,,,,gene-rrn16,,,rRNA,rrn16,,,,,,16S ribosomal RNA,,,,,rrn
93,MZ781228.1,Genbank,exon,12684,13963,.,-,.,ID=exon-rrn16-1;Parent=rna-rrn16;gbkey=rRNA;gene=rrn16;product=16S ribosomal RNA,,exon-rrn16-1,,,,rna-rrn16,,,rRNA,rrn16,,,,,,16S ribosomal RNA,,,,,rrn
94,MZ781228.1,Genbank,gene,14021,14083,.,-,.,ID=gene-trnV(tac);Name=trnV(tac);gbkey=Gene;gene=trnV(tac);gene_biotype=tRNA,,gene-trnV(tac),,trnV(tac),,,,,Gene,trnV(tac),tRNA,,,,,,,,,,trn
95,MZ781228.1,Genbank,tRNA,14021,14083,.,-,.,ID=rna-trnV(tac);Parent=gene-trnV(tac);gbkey=tRNA;gene=trnV(tac);product=tRNA-Val,,rna-trnV(tac),,,,gene-trnV(tac),,,tRNA,trnV(tac),,,,,,tRNA-Val,,,,,trn
96,MZ781228.1,Genbank,exon,14021,14083,.,-,.,ID=exon-trnV(tac)-1;Parent=rna-trnV(tac);gbkey=tRNA;gene=trnV(tac);product=tRNA-Val,,exon-trnV(tac)-1,,,,rna-trnV(tac),,,tRNA,trnV(tac),,,,,,tRNA-Val,,,,,trn
97,MZ781228.1,Genbank,gene,14084,14802,.,-,.,ID=gene-rrn12;Name=rrn12;gbkey=Gene;gene=rrn12;gene_biotype=rRNA,,gene-rrn12,,rrn12,,,,,Gene,rrn12,rRNA,,,,,,,,,,rrn
98,MZ781228.1,Genbank,rRNA,14084,14802,.,-,.,ID=rna-rrn12;Parent=gene-rrn12;gbkey=rRNA;gene=rrn12;product=12S ribosomal RNA,,rna-rrn12,,,,gene-rrn12,,,rRNA,rrn12,,,,,,12S ribosomal RNA,,,,,rrn
99,MZ781228.1,Genbank,exon,14084,14802,.,-,.,ID=exon-rrn12-1;Parent=rna-rrn12;gbkey=rRNA;gene=rrn12;product=12S ribosomal RNA,,exon-rrn12-1,,,,rna-rrn12,,,rRNA,rrn12,,,,,,12S ribosomal RNA,,,,,rrn
100,MZ781228.1,Genbank,D_loop,14816,15180,.,+,.,ID=id-MZ781228.1:14816..15180;Note=control region;gbkey=D-loop,,id-MZ781228.1:14816..15180,,,control region,,,,D-loop,,,,,,,,,,,,D-loop
